{"Food": [0.06193876562500002, 0.17461951562499994, 0.565504, 0.325042515625, 0.36240399999999995, 0.24862689062499999, 0.018666390624999998, 0.48372025, 0.137548265625, 0.010175765625000001, 0.0461175625, 0.003813062500000001, 0.028392249999999994, 0.589824, 0.043056250000000004, 0.6800063906249999, 0.0012425625000000013, 0.14544689062500002, 1.7318559999999996, 1.6393601406249996], "Agric": [1.6454475625000002, 0.23765624999999999, 1.92515625, 3.6500102499999993, 13.24596025, 1.6802640625000003, 0.003263265625000001, 0.6632066406250001, 0.5487105625, 0.042642249999999986, 1.0383610000000003, 0.06445251562499998, 2.8687890625000003, 0.020057640625000008, 0.03195156249999999, 4.273005765624999, 0.0009765625, 1.11197025, 1.0743322499999999, 1.6502613906249997]}