{"Food": [9.999999999999963e-05, 0.055224999999999996, 0.027225000000000013, 0.028900000000000012, 0.042024999999999986, 0.07562499999999998, 0.006399999999999998, 0.27040000000000003, 0.255025, 0.1936, 0.0056250000000000015, 0.016900000000000002, 0.030624999999999996, 9.999999999999796e-05, 0.00022499999999999956, 0.003599999999999993, 0.05522500000000001, 0.0042250000000000005, 0.1295999999999999, 1.155625], "Agric": [0.6806249999999999, 0.16000000000000003, 0.1224999999999999, 0.1155999999999999, 5.880624999999999, 1.7424000000000002, 0.0729, 0.016900000000000002, 2.2952250000000003, 7.4529, 1.1449, 0.2024999999999999, 2.3562250000000002, 0.0036000000000000064, 0.006400000000000003, 2.1609, 2.1170249999999995, 0.06760000000000001, 1.4884000000000004, 0.0992250000000001]}