{"Mach": [0.6371894387686922], "Whlsl": [0.7987811181473791], "BusSv": [0.2479855255695315], "Gold": [8.52336598879896], "Smoke": [3.2188636767720653], "Soda": [0.02555049278783165]}